[{"pk": 1, "model": "contenttypes.contenttype", "fields": {"model": "permission", "name": "permission", "app_label": "auth"}}, {"pk": 2, "model": "contenttypes.contenttype", "fields": {"model": "group", "name": "group", "app_label": "auth"}}, {"pk": 3, "model": "contenttypes.contenttype", "fields": {"model": "user", "name": "user", "app_label": "auth"}}, {"pk": 4, "model": "contenttypes.contenttype", "fields": {"model": "contenttype", "name": "content type", "app_label": "contenttypes"}}, {"pk": 5, "model": "contenttypes.contenttype", "fields": {"model": "session", "name": "session", "app_label": "sessions"}}, {"pk": 6, "model": "contenttypes.contenttype", "fields": {"model": "site", "name": "site", "app_label": "sites"}}, {"pk": 7, "model": "contenttypes.contenttype", "fields": {"model": "logentry", "name": "log entry", "app_label": "admin"}}, {"pk": 8, "model": "contenttypes.contenttype", "fields": {"model": "local", "name": "local", "app_label": "core"}}, {"pk": 9, "model": "contenttypes.contenttype", "fields": {"model": "habitacion", "name": "habitacion", "app_label": "core"}}, {"pk": 10, "model": "contenttypes.contenttype", "fields": {"model": "punto", "name": "punto", "app_label": "core"}}, {"pk": 11, "model": "contenttypes.contenttype", "fields": {"model": "cliente", "name": "cliente", "app_label": "core"}}, {"pk": 12, "model": "contenttypes.contenttype", "fields": {"model": "tipo", "name": "tipo", "app_label": "core"}}, {"pk": 13, "model": "contenttypes.contenttype", "fields": {"model": "plato", "name": "plato", "app_label": "core"}}, {"pk": 14, "model": "contenttypes.contenttype", "fields": {"model": "precioplato", "name": "Precio", "app_label": "core"}}, {"pk": 15, "model": "contenttypes.contenttype", "fields": {"model": "pedido", "name": "pedido", "app_label": "core"}}, {"pk": 16, "model": "contenttypes.contenttype", "fields": {"model": "pedidodetalle", "name": "pedido detalle", "app_label": "core"}}, {"pk": 17, "model": "contenttypes.contenttype", "fields": {"model": "visitante", "name": "visitante", "app_label": "core"}}, {"pk": 18, "model": "contenttypes.contenttype", "fields": {"model": "bitacora", "name": "bitacora", "app_label": "core"}}, {"pk": 19, "model": "contenttypes.contenttype", "fields": {"model": "comanda", "name": "comanda", "app_label": "core"}}, {"pk": 20, "model": "contenttypes.contenttype", "fields": {"model": "comandadetalle", "name": "comanda detalle", "app_label": "core"}}, {"pk": 21, "model": "contenttypes.contenttype", "fields": {"model": "consumo", "name": "consumo", "app_label": "core"}}, {"pk": 22, "model": "contenttypes.contenttype", "fields": {"model": "consumodetalle", "name": "consumo detalle", "app_label": "core"}}, {"pk": 23, "model": "contenttypes.contenttype", "fields": {"model": "boleta", "name": "boleta", "app_label": "core"}}, {"pk": 24, "model": "contenttypes.contenttype", "fields": {"model": "boletadetalle", "name": "boleta detalle", "app_label": "core"}}, {"pk": 25, "model": "contenttypes.contenttype", "fields": {"model": "factura", "name": "factura", "app_label": "core"}}, {"pk": 26, "model": "contenttypes.contenttype", "fields": {"model": "facturadetalle", "name": "factura detalle", "app_label": "core"}}, {"pk": "0ghyfyuum3fq83knsu9u8t28nmel29lk", "model": "sessions.session", "fields": {"expire_date": "2013-10-25T03:50:51Z", "session_data": "YWRkN2FjOWYxNGQ3ZDQzMjRmNGUxMjUzYTY5ZjNlYjFlMjg3Y2FhZTqAAn1xAShVEl9hdXRoX3VzZXJfYmFja2VuZHECVSlkamFuZ28uY29udHJpYi5hdXRoLmJhY2tlbmRzLk1vZGVsQmFja2VuZHEDVQ1fYXV0aF91c2VyX2lkcQSKAQF1Lg=="}}, {"pk": "228febgqpecq52nmuleruue6cb8bkoii", "model": "sessions.session", "fields": {"expire_date": "2013-10-15T01:35:34Z", "session_data": "YWRkN2FjOWYxNGQ3ZDQzMjRmNGUxMjUzYTY5ZjNlYjFlMjg3Y2FhZTqAAn1xAShVEl9hdXRoX3VzZXJfYmFja2VuZHECVSlkamFuZ28uY29udHJpYi5hdXRoLmJhY2tlbmRzLk1vZGVsQmFja2VuZHEDVQ1fYXV0aF91c2VyX2lkcQSKAQF1Lg=="}}, {"pk": "53s7blk4h4agferqrl4lezztvsw6rcag", "model": "sessions.session", "fields": {"expire_date": "2013-10-16T16:57:03Z", "session_data": "OWM1ODc3NDZjZmI1M2VkMGNjN2I0NjU4MmEzMTAwZTlkOGFlOTg3NjqAAn1xAShVBWxvY2FscQJjY29weV9yZWcKX3JlY29uc3RydWN0b3IKcQNjY29yZS5tb2RlbHMKTG9jYWwKcQRjX19idWlsdGluX18Kb2JqZWN0CnEFTodScQZ9cQcoVQZub21icmVxCFgFAAAATWVsb2NVBl9zdGF0ZXEJY2RqYW5nby5kYi5tb2RlbHMuYmFzZQpNb2RlbFN0YXRlCnEKKYFxC31xDChVBmFkZGluZ3ENiVUCZGJxDlUHZGVmYXVsdHEPdWJVAmlkcRCKAQF1YlUSX2F1dGhfdXNlcl9iYWNrZW5kcRFVKWRqYW5nby5jb250cmliLmF1dGguYmFja2VuZHMuTW9kZWxCYWNrZW5kcRJVDV9hdXRoX3VzZXJfaWRxE4oBA3Uu"}}, {"pk": "5naba2a9yxuxdgbcirqc18o9q0ftk7sw", "model": "sessions.session", "fields": {"expire_date": "2013-10-21T18:04:28Z", "session_data": "YWRkN2FjOWYxNGQ3ZDQzMjRmNGUxMjUzYTY5ZjNlYjFlMjg3Y2FhZTqAAn1xAShVEl9hdXRoX3VzZXJfYmFja2VuZHECVSlkamFuZ28uY29udHJpYi5hdXRoLmJhY2tlbmRzLk1vZGVsQmFja2VuZHEDVQ1fYXV0aF91c2VyX2lkcQSKAQF1Lg=="}}, {"pk": "5nft3er82d0qb054gpnel8xk49vq4n34", "model": "sessions.session", "fields": {"expire_date": "2013-10-18T23:57:20Z", "session_data": "MTIxYzFkYjI2ZDM2ZmMwZWVlZTdlYTgwMDA3ZjU2MjkyMzU1ZmY1YzqAAn1xAShVBWxvY2FscQJjY29weV9yZWcKX3JlY29uc3RydWN0b3IKcQNjY29yZS5tb2RlbHMKTG9jYWwKcQRjX19idWlsdGluX18Kb2JqZWN0CnEFTodScQZ9cQcoVQZub21icmVxCFgFAAAATWVsb2NVBl9zdGF0ZXEJY2RqYW5nby5kYi5tb2RlbHMuYmFzZQpNb2RlbFN0YXRlCnEKKYFxC31xDChVBmFkZGluZ3ENiVUCZGJxDlUHZGVmYXVsdHEPdWJVAmlkcRCKAQFVCWRpcmVjY2lvbnERWAAAAAB1YlUSX2F1dGhfdXNlcl9iYWNrZW5kcRJVKWRqYW5nby5jb250cmliLmF1dGguYmFja2VuZHMuTW9kZWxCYWNrZW5kcRNVDV9hdXRoX3VzZXJfaWRxFIoBBHUu"}}, {"pk": "7qo4vjnpw90z8asoita022e3ws72a75g", "model": "sessions.session", "fields": {"expire_date": "2013-10-19T00:11:02Z", "session_data": "MDBiZTE5Y2Y5NDA1MDk4MjA2NzNiOGI3NjgyMjE2NmFiMTY4NzI3MTqAAn1xAVgKAAAAdGVzdGNvb2tpZXECWAYAAAB3b3JrZWRxA3Mu"}}, {"pk": "ecm96dyvlbq2086th6pmdb5kx2tvek6r", "model": "sessions.session", "fields": {"expire_date": "2013-11-06T14:49:55Z", "session_data": "YWRkN2FjOWYxNGQ3ZDQzMjRmNGUxMjUzYTY5ZjNlYjFlMjg3Y2FhZTqAAn1xAShVEl9hdXRoX3VzZXJfYmFja2VuZHECVSlkamFuZ28uY29udHJpYi5hdXRoLmJhY2tlbmRzLk1vZGVsQmFja2VuZHEDVQ1fYXV0aF91c2VyX2lkcQSKAQF1Lg=="}}, {"pk": 1, "model": "sites.site", "fields": {"domain": "example.com", "name": "example.com"}}, {"pk": 1, "model": "core.local", "fields": {"nombre": "Meloc", "direccion": "Calle Meloc Nro 442"}}, {"pk": 2, "model": "core.local", "fields": {"nombre": "Fierro", "direccion": "Calle Fierro Nro 476"}}, {"pk": 2, "model": "core.habitacion", "fields": {"pertenece_a": 2, "nombre": "Yoni"}}, {"pk": 3, "model": "core.habitacion", "fields": {"pertenece_a": 2, "nombre": "Naideth"}}, {"pk": 4, "model": "core.habitacion", "fields": {"pertenece_a": 2, "nombre": "Chabela"}}, {"pk": 5, "model": "core.habitacion", "fields": {"pertenece_a": 2, "nombre": "Gladis"}}, {"pk": 6, "model": "core.habitacion", "fields": {"pertenece_a": 2, "nombre": "Olga"}}, {"pk": 7, "model": "core.habitacion", "fields": {"pertenece_a": 2, "nombre": "Janeth"}}, {"pk": 8, "model": "core.habitacion", "fields": {"pertenece_a": 2, "nombre": "Yenny"}}, {"pk": 9, "model": "core.habitacion", "fields": {"pertenece_a": 2, "nombre": "Marisol"}}, {"pk": 10, "model": "core.habitacion", "fields": {"pertenece_a": 2, "nombre": "Laura"}}, {"pk": 11, "model": "core.habitacion", "fields": {"pertenece_a": 2, "nombre": "Florencia"}}, {"pk": 12, "model": "core.habitacion", "fields": {"pertenece_a": 2, "nombre": "Rosa"}}, {"pk": 13, "model": "core.habitacion", "fields": {"pertenece_a": 2, "nombre": "Liseth"}}, {"pk": 14, "model": "core.habitacion", "fields": {"pertenece_a": 2, "nombre": "Carolyn"}}, {"pk": 15, "model": "core.habitacion", "fields": {"pertenece_a": 2, "nombre": "Dana"}}, {"pk": 16, "model": "core.habitacion", "fields": {"pertenece_a": 2, "nombre": "Elisabeth"}}, {"pk": 17, "model": "core.habitacion", "fields": {"pertenece_a": 2, "nombre": "Esperanza"}}, {"pk": 18, "model": "core.habitacion", "fields": {"pertenece_a": 2, "nombre": "Marie-Luz"}}, {"pk": 19, "model": "core.habitacion", "fields": {"pertenece_a": 2, "nombre": "Luz-Naida"}}, {"pk": 20, "model": "core.habitacion", "fields": {"pertenece_a": 2, "nombre": "H2"}}, {"pk": 21, "model": "core.habitacion", "fields": {"pertenece_a": 2, "nombre": "Apt F1"}}, {"pk": 22, "model": "core.habitacion", "fields": {"pertenece_a": 2, "nombre": "Apt F2"}}, {"pk": 23, "model": "core.habitacion", "fields": {"pertenece_a": 2, "nombre": "Apt F3"}}, {"pk": 24, "model": "core.habitacion", "fields": {"pertenece_a": 2, "nombre": "Apt F4"}}, {"pk": 25, "model": "core.habitacion", "fields": {"pertenece_a": 2, "nombre": "Hady"}}, {"pk": 26, "model": "core.habitacion", "fields": {"pertenece_a": 1, "nombre": "Pieter"}}, {"pk": 27, "model": "core.habitacion", "fields": {"pertenece_a": 1, "nombre": "Wilbert"}}, {"pk": 28, "model": "core.habitacion", "fields": {"pertenece_a": 1, "nombre": "Moises"}}, {"pk": 29, "model": "core.habitacion", "fields": {"pertenece_a": 1, "nombre": "Dimas"}}, {"pk": 30, "model": "core.habitacion", "fields": {"pertenece_a": 1, "nombre": "Celso"}}, {"pk": 31, "model": "core.habitacion", "fields": {"pertenece_a": 1, "nombre": "Demetrio"}}, {"pk": 32, "model": "core.habitacion", "fields": {"pertenece_a": 1, "nombre": "Amilcar"}}, {"pk": 33, "model": "core.habitacion", "fields": {"pertenece_a": 1, "nombre": "Oscar"}}, {"pk": 34, "model": "core.habitacion", "fields": {"pertenece_a": 1, "nombre": "Santos"}}, {"pk": 35, "model": "core.habitacion", "fields": {"pertenece_a": 1, "nombre": "Jose"}}, {"pk": 36, "model": "core.habitacion", "fields": {"pertenece_a": 1, "nombre": "Alan"}}, {"pk": 37, "model": "core.habitacion", "fields": {"pertenece_a": 1, "nombre": "Ramon"}}, {"pk": 38, "model": "core.habitacion", "fields": {"pertenece_a": 1, "nombre": "Julio"}}, {"pk": 39, "model": "core.habitacion", "fields": {"pertenece_a": 1, "nombre": "Panay"}}, {"pk": 40, "model": "core.habitacion", "fields": {"pertenece_a": 1, "nombre": "Luis"}}, {"pk": 41, "model": "core.habitacion", "fields": {"pertenece_a": 1, "nombre": "Toulouse"}}, {"pk": 42, "model": "core.habitacion", "fields": {"pertenece_a": 1, "nombre": "Alessia"}}, {"pk": 43, "model": "core.habitacion", "fields": {"pertenece_a": 1, "nombre": "H3"}}, {"pk": 44, "model": "core.habitacion", "fields": {"pertenece_a": 1, "nombre": "Roman"}}, {"pk": 45, "model": "core.habitacion", "fields": {"pertenece_a": 1, "nombre": "Rudecindo"}}, {"pk": 46, "model": "core.habitacion", "fields": {"pertenece_a": 1, "nombre": "Gian Marco"}}, {"pk": 47, "model": "core.habitacion", "fields": {"pertenece_a": 1, "nombre": "Fuera"}}, {"pk": 48, "model": "core.habitacion", "fields": {"pertenece_a": 2, "nombre": "Fuera"}}, {"pk": 1, "model": "core.punto", "fields": {"pertenece_a": 1, "nombre": "Cocina"}}, {"pk": 2, "model": "core.punto", "fields": {"pertenece_a": 1, "nombre": "Cafet\u00edn"}}, {"pk": 3, "model": "core.punto", "fields": {"pertenece_a": 2, "nombre": "Cafetin"}}, {"pk": 4, "model": "core.punto", "fields": {"pertenece_a": 2, "nombre": "Cocina"}}, {"pk": 5, "model": "core.cliente", "fields": {"salida": null, "nombres": "Foraneo", "apellidos": "de Meloc", "activo": true, "hospedado_en": 47, "pais": "Peru", "ingreso": "2013-10-07", "documento": "000"}}, {"pk": 6, "model": "core.cliente", "fields": {"salida": null, "nombres": "Foraneo", "apellidos": "de Fierro", "activo": true, "hospedado_en": 48, "pais": "Peru", "ingreso": "2013-10-07", "documento": "000"}}, {"pk": 1, "model": "core.tipo", "fields": {"nombre": "Ensaladas", "recibo": "D"}}, {"pk": 2, "model": "core.tipo", "fields": {"nombre": "Jugos", "recibo": "D"}}, {"pk": 3, "model": "core.tipo", "fields": {"nombre": "Postres", "recibo": "D"}}, {"pk": 4, "model": "core.tipo", "fields": {"nombre": "Vinos", "recibo": "C"}}, {"pk": 5, "model": "core.tipo", "fields": {"nombre": "Desayunos", "recibo": "D"}}, {"pk": 6, "model": "core.tipo", "fields": {"nombre": "Cafe y Chocolate", "recibo": "D"}}, {"pk": 7, "model": "core.tipo", "fields": {"nombre": "Te y Mate", "recibo": "D"}}, {"pk": 9, "model": "core.tipo", "fields": {"nombre": "Bebidas", "recibo": "C"}}, {"pk": 10, "model": "core.tipo", "fields": {"nombre": "Sopa", "recibo": "D"}}, {"pk": 11, "model": "core.tipo", "fields": {"nombre": "Bocaditos", "recibo": "D"}}, {"pk": 12, "model": "core.tipo", "fields": {"nombre": "Omelet", "recibo": "D"}}, {"pk": 13, "model": "core.tipo", "fields": {"nombre": "Sandwiches", "recibo": "D"}}, {"pk": 14, "model": "core.tipo", "fields": {"nombre": "Tostis", "recibo": "D"}}, {"pk": 15, "model": "core.tipo", "fields": {"nombre": "Acompa\u00f1antes", "recibo": "D"}}, {"pk": 16, "model": "core.tipo", "fields": {"nombre": "Yogurt", "recibo": "D"}}, {"pk": 17, "model": "core.tipo", "fields": {"nombre": "Panqueque", "recibo": "D"}}, {"pk": 18, "model": "core.tipo", "fields": {"nombre": "Extras", "recibo": "D"}}, {"pk": 19, "model": "core.tipo", "fields": {"nombre": "Platos de fondo", "recibo": "D"}}, {"pk": 21, "model": "core.tipo", "fields": {"nombre": "Smoothies", "recibo": "D"}}, {"pk": 1, "model": "core.plato", "fields": {"nombre": "Meli Melo ensalada", "foto": "fotos/imgp9551b.jpg", "tipo": 1, "de_venta_en": [1, 4]}}, {"pk": 2, "model": "core.plato", "fields": {"nombre": "Desayuno Hatun ", "foto": "fotos/images.jpg", "tipo": 5, "de_venta_en": [2, 3]}}, {"pk": 3, "model": "core.plato", "fields": {"nombre": "Desayuno Wayna", "foto": "default.jpg", "tipo": 5, "de_venta_en": [2, 3]}}, {"pk": 4, "model": "core.plato", "fields": {"nombre": "Natural", "foto": "default.jpg", "tipo": 16, "de_venta_en": [2, 3]}}, {"pk": 5, "model": "core.plato", "fields": {"nombre": "Batido de Fruta", "foto": "default.jpg", "tipo": 16, "de_venta_en": [2, 3]}}, {"pk": 6, "model": "core.plato", "fields": {"nombre": "Miel", "foto": "default.jpg", "tipo": 16, "de_venta_en": [2, 3]}}, {"pk": 7, "model": "core.plato", "fields": {"nombre": "Fruta fresca", "foto": "default.jpg", "tipo": 16, "de_venta_en": [2, 3]}}, {"pk": 8, "model": "core.plato", "fields": {"nombre": "Miel y fruta fresca", "foto": "default.jpg", "tipo": 16, "de_venta_en": [2, 3]}}, {"pk": 9, "model": "core.plato", "fields": {"nombre": "Miel y fruta fresca y Granola", "foto": "default.jpg", "tipo": 16, "de_venta_en": [2, 3]}}, {"pk": 10, "model": "core.plato", "fields": {"nombre": "Natural", "foto": "default.jpg", "tipo": 17, "de_venta_en": [2, 3]}}, {"pk": 11, "model": "core.plato", "fields": {"nombre": "Miel", "foto": "default.jpg", "tipo": 17, "de_venta_en": [2, 3]}}, {"pk": 12, "model": "core.plato", "fields": {"nombre": "Platano", "foto": "default.jpg", "tipo": 17, "de_venta_en": [2, 3]}}, {"pk": 13, "model": "core.plato", "fields": {"nombre": "Queso", "foto": "default.jpg", "tipo": 17, "de_venta_en": [2, 3]}}, {"pk": 14, "model": "core.plato", "fields": {"nombre": "Ensalada de fruta fresca, chica", "foto": "default.jpg", "tipo": 18, "de_venta_en": [2, 3]}}, {"pk": 15, "model": "core.plato", "fields": {"nombre": "Ensalada de fruta fresca, grande", "foto": "default.jpg", "tipo": 18, "de_venta_en": [2, 3]}}, {"pk": 16, "model": "core.plato", "fields": {"nombre": "Pan de la casa, mantequilla y marmelada", "foto": "default.jpg", "tipo": 18, "de_venta_en": [2, 3]}}, {"pk": 17, "model": "core.plato", "fields": {"nombre": "Porcion de queso para pan", "foto": "default.jpg", "tipo": 18, "de_venta_en": [2, 3]}}, {"pk": 18, "model": "core.plato", "fields": {"nombre": "Bocaditos de queso andino", "foto": "default.jpg", "tipo": 18, "de_venta_en": [2, 3]}}, {"pk": 19, "model": "core.plato", "fields": {"nombre": "Desayuno Wawa", "foto": "default.jpg", "tipo": 5, "de_venta_en": [2, 3]}}, {"pk": 20, "model": "core.plato", "fields": {"nombre": "Expresso italiano", "foto": "default.jpg", "tipo": 6, "de_venta_en": [2, 3]}}, {"pk": 21, "model": "core.plato", "fields": {"nombre": "Americano", "foto": "default.jpg", "tipo": 5, "de_venta_en": [2, 3]}}, {"pk": 22, "model": "core.plato", "fields": {"nombre": "Cappuccino", "foto": "default.jpg", "tipo": 6, "de_venta_en": [2, 3]}}, {"pk": 23, "model": "core.plato", "fields": {"nombre": "Cafe con leche", "foto": "default.jpg", "tipo": 6, "de_venta_en": [2, 3]}}, {"pk": 24, "model": "core.plato", "fields": {"nombre": "Te puro", "foto": "default.jpg", "tipo": 7, "de_venta_en": [2, 3]}}, {"pk": 25, "model": "core.plato", "fields": {"nombre": "Mate de Manzanilla, Anis", "foto": "default.jpg", "tipo": 7, "de_venta_en": [2, 3]}}, {"pk": 26, "model": "core.plato", "fields": {"nombre": "Mate de menta con stevia", "foto": "default.jpg", "tipo": 7, "de_venta_en": [2, 3]}}, {"pk": 27, "model": "core.plato", "fields": {"nombre": "Mate de Coca", "foto": "default.jpg", "tipo": 7, "de_venta_en": [2, 3]}}, {"pk": 28, "model": "core.plato", "fields": {"nombre": "Chocolate con leche", "foto": "default.jpg", "tipo": 6, "de_venta_en": [2, 3]}}, {"pk": 29, "model": "core.plato", "fields": {"nombre": "Jugo de Naranja", "foto": "default.jpg", "tipo": 2, "de_venta_en": [2, 3]}}, {"pk": 30, "model": "core.plato", "fields": {"nombre": "Jugo de papaya", "foto": "default.jpg", "tipo": 2, "de_venta_en": [2, 3]}}, {"pk": 31, "model": "core.plato", "fields": {"nombre": "Jugo de Platano con leche", "foto": "default.jpg", "tipo": 2, "de_venta_en": [2, 3]}}, {"pk": 32, "model": "core.plato", "fields": {"nombre": "Jugo combinado", "foto": "default.jpg", "tipo": 2, "de_venta_en": [2, 3]}}, {"pk": 33, "model": "core.plato", "fields": {"nombre": "Leche fria", "foto": "default.jpg", "tipo": 2, "de_venta_en": [2, 3]}}, {"pk": 34, "model": "core.plato", "fields": {"nombre": "Gaseosa", "foto": "default.jpg", "tipo": 9, "de_venta_en": [2, 3]}}, {"pk": 35, "model": "core.plato", "fields": {"nombre": "Cerveza", "foto": "default.jpg", "tipo": 9, "de_venta_en": [2, 3]}}, {"pk": 36, "model": "core.plato", "fields": {"nombre": "Agua mineral", "foto": "default.jpg", "tipo": 9, "de_venta_en": [2, 3]}}, {"pk": 37, "model": "core.plato", "fields": {"nombre": "Sandwiche Queso andino", "foto": "default.jpg", "tipo": 13, "de_venta_en": [2, 3]}}, {"pk": 38, "model": "core.plato", "fields": {"nombre": "Sandwiche Holandes", "foto": "default.jpg", "tipo": 12, "de_venta_en": [2, 3]}}, {"pk": 39, "model": "core.plato", "fields": {"nombre": "Sandwiche Huevo cocinado", "foto": "default.jpg", "tipo": 13, "de_venta_en": [2, 3]}}, {"pk": 40, "model": "core.plato", "fields": {"nombre": "Sandwiche Ensalada de atun", "foto": "default.jpg", "tipo": 13, "de_venta_en": [2, 3]}}, {"pk": 41, "model": "core.plato", "fields": {"nombre": "Sandwiche Ensalada de huevo", "foto": "default.jpg", "tipo": 13, "de_venta_en": [2, 3]}}, {"pk": 42, "model": "core.plato", "fields": {"nombre": "Tomates fritos", "foto": "default.jpg", "tipo": 13, "de_venta_en": [1, 4]}}, {"pk": 43, "model": "core.plato", "fields": {"nombre": "Tosti queso andino", "foto": "default.jpg", "tipo": 14, "de_venta_en": [2, 3]}}, {"pk": 44, "model": "core.plato", "fields": {"nombre": "Tosti queso andino y salami", "foto": "default.jpg", "tipo": 14, "de_venta_en": [2, 3]}}, {"pk": 45, "model": "core.plato", "fields": {"nombre": "Tosti queso andino, tomate y pesto", "foto": "default.jpg", "tipo": 14, "de_venta_en": [2, 3]}}, {"pk": 46, "model": "core.plato", "fields": {"nombre": "Omelet natural", "foto": "default.jpg", "tipo": 12, "de_venta_en": [1, 4]}}, {"pk": 47, "model": "core.plato", "fields": {"nombre": "Omelet queso andino", "foto": "default.jpg", "tipo": 12, "de_venta_en": [1, 4]}}, {"pk": 48, "model": "core.plato", "fields": {"nombre": "Omelet tomate y cebolla", "foto": "default.jpg", "tipo": 12, "de_venta_en": [1, 4]}}, {"pk": 49, "model": "core.plato", "fields": {"nombre": "Omelet tomate y cebolla, queso andino", "foto": "default.jpg", "tipo": 12, "de_venta_en": [1, 4]}}, {"pk": 50, "model": "core.plato", "fields": {"nombre": "Tacos con palta", "foto": "default.jpg", "tipo": 11, "de_venta_en": [1, 4]}}, {"pk": 51, "model": "core.plato", "fields": {"nombre": "Tacos con atun", "foto": "default.jpg", "tipo": 11, "de_venta_en": [1, 4]}}, {"pk": 52, "model": "core.plato", "fields": {"nombre": "Tacos con huevo", "foto": "default.jpg", "tipo": 11, "de_venta_en": [1, 4]}}, {"pk": 53, "model": "core.plato", "fields": {"nombre": "Queso andino con mostaza", "foto": "default.jpg", "tipo": 11, "de_venta_en": [2, 3]}}, {"pk": 54, "model": "core.plato", "fields": {"nombre": "Vegetales al vapor", "foto": "default.jpg", "tipo": 15, "de_venta_en": [1, 4]}}, {"pk": 55, "model": "core.plato", "fields": {"nombre": "Pan de la casa con manteqilla", "foto": "default.jpg", "tipo": 15, "de_venta_en": [2, 3]}}, {"pk": 56, "model": "core.plato", "fields": {"nombre": "Papas fritas", "foto": "default.jpg", "tipo": 15, "de_venta_en": [1, 4]}}, {"pk": 57, "model": "core.plato", "fields": {"nombre": "Ensalada de pollo y palta", "foto": "default.jpg", "tipo": 1, "de_venta_en": [1, 4]}}, {"pk": 58, "model": "core.plato", "fields": {"nombre": "Sopa de zapallo", "foto": "default.jpg", "tipo": 10, "de_venta_en": [1, 4]}}, {"pk": 59, "model": "core.plato", "fields": {"nombre": "Sopa de lentejas", "foto": "default.jpg", "tipo": 1, "de_venta_en": [1, 4]}}, {"pk": 60, "model": "core.plato", "fields": {"nombre": "Pasta roja", "foto": "default.jpg", "tipo": 19, "de_venta_en": [1, 4]}}, {"pk": 61, "model": "core.plato", "fields": {"nombre": "Pasta con pesto", "foto": "default.jpg", "tipo": 19, "de_venta_en": [1, 4]}}, {"pk": 62, "model": "core.plato", "fields": {"nombre": "Tagliatelle Ni\u00f1os Hotel", "foto": "default.jpg", "tipo": 19, "de_venta_en": [1, 4]}}, {"pk": 63, "model": "core.plato", "fields": {"nombre": "Cazuela peruana", "foto": "default.jpg", "tipo": 19, "de_venta_en": [1, 4]}}, {"pk": 64, "model": "core.plato", "fields": {"nombre": "Salmon con arbejas", "foto": "default.jpg", "tipo": 19, "de_venta_en": [1, 4]}}, {"pk": 65, "model": "core.plato", "fields": {"nombre": "Curry de pollo", "foto": "default.jpg", "tipo": 19, "de_venta_en": [1, 4]}}, {"pk": 66, "model": "core.plato", "fields": {"nombre": "Satay", "foto": "default.jpg", "tipo": 19, "de_venta_en": [1, 4]}}, {"pk": 67, "model": "core.plato", "fields": {"nombre": "Lasagna vegetariana", "foto": "default.jpg", "tipo": 19, "de_venta_en": [1, 4]}}, {"pk": 68, "model": "core.plato", "fields": {"nombre": "Crocante de manzana", "foto": "default.jpg", "tipo": 3, "de_venta_en": [1, 4]}}, {"pk": 69, "model": "core.plato", "fields": {"nombre": "Sue\u00f1o de limon", "foto": "default.jpg", "tipo": 3, "de_venta_en": [1, 4]}}, {"pk": 70, "model": "core.plato", "fields": {"nombre": "Pastel de higo", "foto": "default.jpg", "tipo": 3, "de_venta_en": [1, 4]}}, {"pk": 71, "model": "core.plato", "fields": {"nombre": "Tres leches", "foto": "default.jpg", "tipo": 3, "de_venta_en": [2, 3]}}, {"pk": 72, "model": "core.plato", "fields": {"nombre": "Torta de zanahoria", "foto": "default.jpg", "tipo": 3, "de_venta_en": [2, 3]}}, {"pk": 73, "model": "core.plato", "fields": {"nombre": "Torta de chocolate", "foto": "default.jpg", "tipo": 3, "de_venta_en": [2, 3]}}, {"pk": 74, "model": "core.plato", "fields": {"nombre": "Mision de Riengo", "foto": "default.jpg", "tipo": 4, "de_venta_en": [2, 3]}}, {"pk": 75, "model": "core.plato", "fields": {"nombre": "Los Arboles", "foto": "default.jpg", "tipo": 4, "de_venta_en": [2, 3]}}, {"pk": 76, "model": "core.plato", "fields": {"nombre": "Tacma tinto botella", "foto": "default.jpg", "tipo": 4, "de_venta_en": [2, 3]}}, {"pk": 77, "model": "core.plato", "fields": {"nombre": "Tacma tinto 1/2 botella", "foto": "default.jpg", "tipo": 4, "de_venta_en": [2, 3]}}, {"pk": 78, "model": "core.plato", "fields": {"nombre": "San Pedro Botella", "foto": "default.jpg", "tipo": 4, "de_venta_en": [2, 3]}}, {"pk": 79, "model": "core.plato", "fields": {"nombre": "San Pedro copa", "foto": "default.jpg", "tipo": 4, "de_venta_en": [2, 3]}}, {"pk": 80, "model": "core.plato", "fields": {"nombre": "Trapiche", "foto": "default.jpg", "tipo": 4, "de_venta_en": [2, 3]}}, {"pk": 81, "model": "core.plato", "fields": {"nombre": "Tacma blanco botella", "foto": "default.jpg", "tipo": 4, "de_venta_en": [2, 3]}}, {"pk": 82, "model": "core.plato", "fields": {"nombre": "Tacma blanco 1/2 botella", "foto": "default.jpg", "tipo": 4, "de_venta_en": [2, 3]}}, {"pk": 83, "model": "core.plato", "fields": {"nombre": "Tacma blanco copa", "foto": "default.jpg", "tipo": 4, "de_venta_en": [2, 3]}}, {"pk": 84, "model": "core.plato", "fields": {"nombre": "Desayuno Andino", "foto": "default.jpg", "tipo": 5, "de_venta_en": [2, 3]}}, {"pk": 85, "model": "core.plato", "fields": {"nombre": "Smoothie fresa", "foto": "default.jpg", "tipo": 21, "de_venta_en": [2, 3]}}, {"pk": 86, "model": "core.plato", "fields": {"nombre": "Smoothie platano", "foto": "default.jpg", "tipo": 21, "de_venta_en": [2, 3]}}, {"pk": 87, "model": "core.plato", "fields": {"nombre": "Smoothie mango", "foto": "default.jpg", "tipo": 21, "de_venta_en": [2, 3]}}, {"pk": 88, "model": "core.plato", "fields": {"nombre": "Smoothie mixto", "foto": "default.jpg", "tipo": 21, "de_venta_en": [2, 3]}}, {"pk": 89, "model": "core.plato", "fields": {"nombre": "Agua mineral chica", "foto": "default.jpg", "tipo": 9, "de_venta_en": [2, 3]}}, {"pk": 1, "model": "core.precioplato", "fields": {"precio_de": 1, "precio": "10.00", "anio": 2013}}, {"pk": 2, "model": "core.precioplato", "fields": {"precio_de": 2, "precio": "16.00", "anio": 2013}}, {"pk": 3, "model": "core.precioplato", "fields": {"precio_de": 3, "precio": "13.00", "anio": 2013}}, {"pk": 4, "model": "core.precioplato", "fields": {"precio_de": 4, "precio": "7.50", "anio": 2013}}, {"pk": 5, "model": "core.precioplato", "fields": {"precio_de": 5, "precio": "8.00", "anio": 2013}}, {"pk": 6, "model": "core.precioplato", "fields": {"precio_de": 6, "precio": "8.50", "anio": 2013}}, {"pk": 7, "model": "core.precioplato", "fields": {"precio_de": 7, "precio": "8.50", "anio": 2013}}, {"pk": 8, "model": "core.precioplato", "fields": {"precio_de": 8, "precio": "8.50", "anio": 2013}}, {"pk": 9, "model": "core.precioplato", "fields": {"precio_de": 9, "precio": "10.50", "anio": 2013}}, {"pk": 10, "model": "core.precioplato", "fields": {"precio_de": 10, "precio": "5.50", "anio": 2013}}, {"pk": 11, "model": "core.precioplato", "fields": {"precio_de": 11, "precio": "7.50", "anio": 2013}}, {"pk": 12, "model": "core.precioplato", "fields": {"precio_de": 12, "precio": "9.00", "anio": 2013}}, {"pk": 13, "model": "core.precioplato", "fields": {"precio_de": 13, "precio": "10.00", "anio": 2013}}, {"pk": 14, "model": "core.precioplato", "fields": {"precio_de": 14, "precio": "5.50", "anio": 2013}}, {"pk": 15, "model": "core.precioplato", "fields": {"precio_de": 15, "precio": "7.50", "anio": 2013}}, {"pk": 16, "model": "core.precioplato", "fields": {"precio_de": 16, "precio": "7.50", "anio": 2013}}, {"pk": 17, "model": "core.precioplato", "fields": {"precio_de": 17, "precio": "5.00", "anio": 2013}}, {"pk": 18, "model": "core.precioplato", "fields": {"precio_de": 18, "precio": "10.00", "anio": 2013}}, {"pk": 19, "model": "core.precioplato", "fields": {"precio_de": 19, "precio": "10.00", "anio": 2013}}, {"pk": 20, "model": "core.precioplato", "fields": {"precio_de": 20, "precio": "6.00", "anio": 2013}}, {"pk": 21, "model": "core.precioplato", "fields": {"precio_de": 21, "precio": "6.00", "anio": 2013}}, {"pk": 22, "model": "core.precioplato", "fields": {"precio_de": 22, "precio": "8.00", "anio": 2013}}, {"pk": 23, "model": "core.precioplato", "fields": {"precio_de": 23, "precio": "8.00", "anio": 2013}}, {"pk": 24, "model": "core.precioplato", "fields": {"precio_de": 24, "precio": "3.00", "anio": 2013}}, {"pk": 25, "model": "core.precioplato", "fields": {"precio_de": 25, "precio": "3.00", "anio": 2013}}, {"pk": 26, "model": "core.precioplato", "fields": {"precio_de": 26, "precio": "4.00", "anio": 2013}}, {"pk": 27, "model": "core.precioplato", "fields": {"precio_de": 27, "precio": "4.00", "anio": 2013}}, {"pk": 28, "model": "core.precioplato", "fields": {"precio_de": 28, "precio": "8.00", "anio": 2013}}, {"pk": 29, "model": "core.precioplato", "fields": {"precio_de": 29, "precio": "5.00", "anio": 2013}}, {"pk": 30, "model": "core.precioplato", "fields": {"precio_de": 30, "precio": "5.00", "anio": 2013}}, {"pk": 31, "model": "core.precioplato", "fields": {"precio_de": 31, "precio": "6.50", "anio": 2013}}, {"pk": 32, "model": "core.precioplato", "fields": {"precio_de": 32, "precio": "6.00", "anio": 2013}}, {"pk": 33, "model": "core.precioplato", "fields": {"precio_de": 33, "precio": "5.00", "anio": 2013}}, {"pk": 34, "model": "core.precioplato", "fields": {"precio_de": 34, "precio": "3.50", "anio": 2013}}, {"pk": 35, "model": "core.precioplato", "fields": {"precio_de": 35, "precio": "6.00", "anio": 2013}}, {"pk": 36, "model": "core.precioplato", "fields": {"precio_de": 36, "precio": "3.50", "anio": 2013}}, {"pk": 37, "model": "core.precioplato", "fields": {"precio_de": 37, "precio": "7.00", "anio": 2013}}, {"pk": 38, "model": "core.precioplato", "fields": {"precio_de": 38, "precio": "8.00", "anio": 2013}}, {"pk": 39, "model": "core.precioplato", "fields": {"precio_de": 39, "precio": "5.00", "anio": 2013}}, {"pk": 40, "model": "core.precioplato", "fields": {"precio_de": 40, "precio": "7.50", "anio": 2013}}, {"pk": 41, "model": "core.precioplato", "fields": {"precio_de": 41, "precio": "6.00", "anio": 2013}}, {"pk": 42, "model": "core.precioplato", "fields": {"precio_de": 42, "precio": "6.00", "anio": 2013}}, {"pk": 43, "model": "core.precioplato", "fields": {"precio_de": 43, "precio": "6.00", "anio": 2013}}, {"pk": 44, "model": "core.precioplato", "fields": {"precio_de": 44, "precio": "8.00", "anio": 2013}}, {"pk": 45, "model": "core.precioplato", "fields": {"precio_de": 45, "precio": "8.00", "anio": 2013}}, {"pk": 46, "model": "core.precioplato", "fields": {"precio_de": 46, "precio": "6.00", "anio": 2013}}, {"pk": 47, "model": "core.precioplato", "fields": {"precio_de": 47, "precio": "8.50", "anio": 2013}}, {"pk": 48, "model": "core.precioplato", "fields": {"precio_de": 48, "precio": "8.50", "anio": 2013}}, {"pk": 49, "model": "core.precioplato", "fields": {"precio_de": 49, "precio": "11.00", "anio": 2013}}, {"pk": 50, "model": "core.precioplato", "fields": {"precio_de": 50, "precio": "8.00", "anio": 2013}}, {"pk": 51, "model": "core.precioplato", "fields": {"precio_de": 51, "precio": "9.00", "anio": 2013}}, {"pk": 52, "model": "core.precioplato", "fields": {"precio_de": 52, "precio": "8.00", "anio": 2013}}, {"pk": 53, "model": "core.precioplato", "fields": {"precio_de": 53, "precio": "10.00", "anio": 2013}}, {"pk": 54, "model": "core.precioplato", "fields": {"precio_de": 54, "precio": "6.00", "anio": 2013}}, {"pk": 55, "model": "core.precioplato", "fields": {"precio_de": 55, "precio": "4.00", "anio": 2013}}, {"pk": 56, "model": "core.precioplato", "fields": {"precio_de": 56, "precio": "6.00", "anio": 2013}}, {"pk": 57, "model": "core.precioplato", "fields": {"precio_de": 57, "precio": "11.00", "anio": 2013}}, {"pk": 58, "model": "core.precioplato", "fields": {"precio_de": 58, "precio": "10.00", "anio": 2013}}, {"pk": 59, "model": "core.precioplato", "fields": {"precio_de": 59, "precio": "10.00", "anio": 2013}}, {"pk": 60, "model": "core.precioplato", "fields": {"precio_de": 60, "precio": "15.00", "anio": 2013}}, {"pk": 61, "model": "core.precioplato", "fields": {"precio_de": 61, "precio": "16.00", "anio": 2013}}, {"pk": 62, "model": "core.precioplato", "fields": {"precio_de": 62, "precio": "22.00", "anio": 2013}}, {"pk": 63, "model": "core.precioplato", "fields": {"precio_de": 63, "precio": "19.00", "anio": 2013}}, {"pk": 64, "model": "core.precioplato", "fields": {"precio_de": 64, "precio": "26.00", "anio": 2013}}, {"pk": 65, "model": "core.precioplato", "fields": {"precio_de": 65, "precio": "18.00", "anio": 2013}}, {"pk": 66, "model": "core.precioplato", "fields": {"precio_de": 66, "precio": "15.00", "anio": 2013}}, {"pk": 67, "model": "core.precioplato", "fields": {"precio_de": 67, "precio": "17.00", "anio": 2013}}, {"pk": 68, "model": "core.precioplato", "fields": {"precio_de": 68, "precio": "9.00", "anio": 2013}}, {"pk": 69, "model": "core.precioplato", "fields": {"precio_de": 69, "precio": "9.00", "anio": 2013}}, {"pk": 70, "model": "core.precioplato", "fields": {"precio_de": 70, "precio": "7.00", "anio": 2013}}, {"pk": 71, "model": "core.precioplato", "fields": {"precio_de": 71, "precio": "6.00", "anio": 2013}}, {"pk": 72, "model": "core.precioplato", "fields": {"precio_de": 72, "precio": "5.50", "anio": 2013}}, {"pk": 73, "model": "core.precioplato", "fields": {"precio_de": 73, "precio": "5.50", "anio": 2013}}, {"pk": 74, "model": "core.precioplato", "fields": {"precio_de": 74, "precio": "75.00", "anio": 2013}}, {"pk": 75, "model": "core.precioplato", "fields": {"precio_de": 75, "precio": "68.00", "anio": 2013}}, {"pk": 76, "model": "core.precioplato", "fields": {"precio_de": 76, "precio": "60.00", "anio": 2013}}, {"pk": 77, "model": "core.precioplato", "fields": {"precio_de": 77, "precio": "30.00", "anio": 2013}}, {"pk": 78, "model": "core.precioplato", "fields": {"precio_de": 78, "precio": "50.00", "anio": 2013}}, {"pk": 79, "model": "core.precioplato", "fields": {"precio_de": 79, "precio": "14.00", "anio": 2013}}, {"pk": 80, "model": "core.precioplato", "fields": {"precio_de": 80, "precio": "63.00", "anio": 2013}}, {"pk": 81, "model": "core.precioplato", "fields": {"precio_de": 81, "precio": "55.00", "anio": 2013}}, {"pk": 82, "model": "core.precioplato", "fields": {"precio_de": 82, "precio": "28.00", "anio": 2013}}, {"pk": 83, "model": "core.precioplato", "fields": {"precio_de": 83, "precio": "14.00", "anio": 2013}}, {"pk": 84, "model": "core.precioplato", "fields": {"precio_de": 84, "precio": "14.00", "anio": 2013}}, {"pk": 85, "model": "core.precioplato", "fields": {"precio_de": 85, "precio": "8.00", "anio": 2013}}, {"pk": 86, "model": "core.precioplato", "fields": {"precio_de": 86, "precio": "8.00", "anio": 2013}}, {"pk": 87, "model": "core.precioplato", "fields": {"precio_de": 87, "precio": "8.00", "anio": 2013}}, {"pk": 88, "model": "core.precioplato", "fields": {"precio_de": 88, "precio": "8.00", "anio": 2013}}, {"pk": 89, "model": "core.precioplato", "fields": {"precio_de": 89, "precio": "1.50", "anio": 2013}}, {"pk": 1, "model": "auth.permission", "fields": {"codename": "add_permission", "name": "Can add permission", "content_type": 1}}, {"pk": 2, "model": "auth.permission", "fields": {"codename": "change_permission", "name": "Can change permission", "content_type": 1}}, {"pk": 3, "model": "auth.permission", "fields": {"codename": "delete_permission", "name": "Can delete permission", "content_type": 1}}, {"pk": 4, "model": "auth.permission", "fields": {"codename": "add_group", "name": "Can add group", "content_type": 2}}, {"pk": 5, "model": "auth.permission", "fields": {"codename": "change_group", "name": "Can change group", "content_type": 2}}, {"pk": 6, "model": "auth.permission", "fields": {"codename": "delete_group", "name": "Can delete group", "content_type": 2}}, {"pk": 7, "model": "auth.permission", "fields": {"codename": "add_user", "name": "Can add user", "content_type": 3}}, {"pk": 8, "model": "auth.permission", "fields": {"codename": "change_user", "name": "Can change user", "content_type": 3}}, {"pk": 9, "model": "auth.permission", "fields": {"codename": "delete_user", "name": "Can delete user", "content_type": 3}}, {"pk": 10, "model": "auth.permission", "fields": {"codename": "add_contenttype", "name": "Can add content type", "content_type": 4}}, {"pk": 11, "model": "auth.permission", "fields": {"codename": "change_contenttype", "name": "Can change content type", "content_type": 4}}, {"pk": 12, "model": "auth.permission", "fields": {"codename": "delete_contenttype", "name": "Can delete content type", "content_type": 4}}, {"pk": 13, "model": "auth.permission", "fields": {"codename": "add_session", "name": "Can add session", "content_type": 5}}, {"pk": 14, "model": "auth.permission", "fields": {"codename": "change_session", "name": "Can change session", "content_type": 5}}, {"pk": 15, "model": "auth.permission", "fields": {"codename": "delete_session", "name": "Can delete session", "content_type": 5}}, {"pk": 16, "model": "auth.permission", "fields": {"codename": "add_site", "name": "Can add site", "content_type": 6}}, {"pk": 17, "model": "auth.permission", "fields": {"codename": "change_site", "name": "Can change site", "content_type": 6}}, {"pk": 18, "model": "auth.permission", "fields": {"codename": "delete_site", "name": "Can delete site", "content_type": 6}}, {"pk": 19, "model": "auth.permission", "fields": {"codename": "add_logentry", "name": "Can add log entry", "content_type": 7}}, {"pk": 20, "model": "auth.permission", "fields": {"codename": "change_logentry", "name": "Can change log entry", "content_type": 7}}, {"pk": 21, "model": "auth.permission", "fields": {"codename": "delete_logentry", "name": "Can delete log entry", "content_type": 7}}, {"pk": 22, "model": "auth.permission", "fields": {"codename": "add_local", "name": "Can add local", "content_type": 8}}, {"pk": 23, "model": "auth.permission", "fields": {"codename": "change_local", "name": "Can change local", "content_type": 8}}, {"pk": 24, "model": "auth.permission", "fields": {"codename": "delete_local", "name": "Can delete local", "content_type": 8}}, {"pk": 25, "model": "auth.permission", "fields": {"codename": "add_habitacion", "name": "Can add habitacion", "content_type": 9}}, {"pk": 26, "model": "auth.permission", "fields": {"codename": "change_habitacion", "name": "Can change habitacion", "content_type": 9}}, {"pk": 27, "model": "auth.permission", "fields": {"codename": "delete_habitacion", "name": "Can delete habitacion", "content_type": 9}}, {"pk": 28, "model": "auth.permission", "fields": {"codename": "add_punto", "name": "Can add punto", "content_type": 10}}, {"pk": 29, "model": "auth.permission", "fields": {"codename": "change_punto", "name": "Can change punto", "content_type": 10}}, {"pk": 30, "model": "auth.permission", "fields": {"codename": "delete_punto", "name": "Can delete punto", "content_type": 10}}, {"pk": 31, "model": "auth.permission", "fields": {"codename": "add_cliente", "name": "Can add cliente", "content_type": 11}}, {"pk": 32, "model": "auth.permission", "fields": {"codename": "change_cliente", "name": "Can change cliente", "content_type": 11}}, {"pk": 33, "model": "auth.permission", "fields": {"codename": "delete_cliente", "name": "Can delete cliente", "content_type": 11}}, {"pk": 34, "model": "auth.permission", "fields": {"codename": "add_tipo", "name": "Can add tipo", "content_type": 12}}, {"pk": 35, "model": "auth.permission", "fields": {"codename": "change_tipo", "name": "Can change tipo", "content_type": 12}}, {"pk": 36, "model": "auth.permission", "fields": {"codename": "delete_tipo", "name": "Can delete tipo", "content_type": 12}}, {"pk": 37, "model": "auth.permission", "fields": {"codename": "add_plato", "name": "Can add plato", "content_type": 13}}, {"pk": 38, "model": "auth.permission", "fields": {"codename": "change_plato", "name": "Can change plato", "content_type": 13}}, {"pk": 39, "model": "auth.permission", "fields": {"codename": "delete_plato", "name": "Can delete plato", "content_type": 13}}, {"pk": 40, "model": "auth.permission", "fields": {"codename": "add_precioplato", "name": "Can add Precio", "content_type": 14}}, {"pk": 41, "model": "auth.permission", "fields": {"codename": "change_precioplato", "name": "Can change Precio", "content_type": 14}}, {"pk": 42, "model": "auth.permission", "fields": {"codename": "delete_precioplato", "name": "Can delete Precio", "content_type": 14}}, {"pk": 43, "model": "auth.permission", "fields": {"codename": "add_pedido", "name": "Can add pedido", "content_type": 15}}, {"pk": 44, "model": "auth.permission", "fields": {"codename": "change_pedido", "name": "Can change pedido", "content_type": 15}}, {"pk": 45, "model": "auth.permission", "fields": {"codename": "delete_pedido", "name": "Can delete pedido", "content_type": 15}}, {"pk": 46, "model": "auth.permission", "fields": {"codename": "add_pedidodetalle", "name": "Can add pedido detalle", "content_type": 16}}, {"pk": 47, "model": "auth.permission", "fields": {"codename": "change_pedidodetalle", "name": "Can change pedido detalle", "content_type": 16}}, {"pk": 48, "model": "auth.permission", "fields": {"codename": "delete_pedidodetalle", "name": "Can delete pedido detalle", "content_type": 16}}, {"pk": 49, "model": "auth.permission", "fields": {"codename": "add_bitacora", "name": "Can add bitacora", "content_type": 17}}, {"pk": 50, "model": "auth.permission", "fields": {"codename": "change_bitacora", "name": "Can change bitacora", "content_type": 17}}, {"pk": 51, "model": "auth.permission", "fields": {"codename": "delete_bitacora", "name": "Can delete bitacora", "content_type": 17}}, {"pk": 52, "model": "auth.permission", "fields": {"codename": "add_comanda", "name": "Can add comanda", "content_type": 18}}, {"pk": 53, "model": "auth.permission", "fields": {"codename": "change_comanda", "name": "Can change comanda", "content_type": 18}}, {"pk": 54, "model": "auth.permission", "fields": {"codename": "delete_comanda", "name": "Can delete comanda", "content_type": 18}}, {"pk": 55, "model": "auth.permission", "fields": {"codename": "add_comandadetalle", "name": "Can add comanda detalle", "content_type": 19}}, {"pk": 56, "model": "auth.permission", "fields": {"codename": "change_comandadetalle", "name": "Can change comanda detalle", "content_type": 19}}, {"pk": 57, "model": "auth.permission", "fields": {"codename": "delete_comandadetalle", "name": "Can delete comanda detalle", "content_type": 19}}, {"pk": 58, "model": "auth.permission", "fields": {"codename": "add_consumo", "name": "Can add consumo", "content_type": 20}}, {"pk": 59, "model": "auth.permission", "fields": {"codename": "change_consumo", "name": "Can change consumo", "content_type": 20}}, {"pk": 60, "model": "auth.permission", "fields": {"codename": "delete_consumo", "name": "Can delete consumo", "content_type": 20}}, {"pk": 61, "model": "auth.permission", "fields": {"codename": "add_consumodetalle", "name": "Can add consumo detalle", "content_type": 21}}, {"pk": 62, "model": "auth.permission", "fields": {"codename": "change_consumodetalle", "name": "Can change consumo detalle", "content_type": 21}}, {"pk": 63, "model": "auth.permission", "fields": {"codename": "delete_consumodetalle", "name": "Can delete consumo detalle", "content_type": 21}}, {"pk": 64, "model": "auth.permission", "fields": {"codename": "add_boleta", "name": "Can add boleta", "content_type": 22}}, {"pk": 65, "model": "auth.permission", "fields": {"codename": "change_boleta", "name": "Can change boleta", "content_type": 22}}, {"pk": 66, "model": "auth.permission", "fields": {"codename": "delete_boleta", "name": "Can delete boleta", "content_type": 22}}, {"pk": 67, "model": "auth.permission", "fields": {"codename": "add_boletadetalle", "name": "Can add boleta detalle", "content_type": 23}}, {"pk": 68, "model": "auth.permission", "fields": {"codename": "change_boletadetalle", "name": "Can change boleta detalle", "content_type": 23}}, {"pk": 69, "model": "auth.permission", "fields": {"codename": "delete_boletadetalle", "name": "Can delete boleta detalle", "content_type": 23}}, {"pk": 70, "model": "auth.permission", "fields": {"codename": "add_factura", "name": "Can add factura", "content_type": 24}}, {"pk": 71, "model": "auth.permission", "fields": {"codename": "change_factura", "name": "Can change factura", "content_type": 24}}, {"pk": 72, "model": "auth.permission", "fields": {"codename": "delete_factura", "name": "Can delete factura", "content_type": 24}}, {"pk": 73, "model": "auth.permission", "fields": {"codename": "add_facturadetalle", "name": "Can add factura detalle", "content_type": 25}}, {"pk": 74, "model": "auth.permission", "fields": {"codename": "change_facturadetalle", "name": "Can change factura detalle", "content_type": 25}}, {"pk": 75, "model": "auth.permission", "fields": {"codename": "delete_facturadetalle", "name": "Can delete factura detalle", "content_type": 25}}, {"pk": 76, "model": "auth.permission", "fields": {"codename": "add_visitante", "name": "Can add visitante", "content_type": 26}}, {"pk": 77, "model": "auth.permission", "fields": {"codename": "change_visitante", "name": "Can change visitante", "content_type": 26}}, {"pk": 78, "model": "auth.permission", "fields": {"codename": "delete_visitante", "name": "Can delete visitante", "content_type": 26}}, {"pk": 1, "model": "auth.group", "fields": {"name": "Administradores", "permissions": [7, 8, 9, 31, 32, 33, 77, 25, 26, 27, 22, 23, 24, 37, 38, 39, 40, 41, 42, 28, 29, 30, 34, 35, 36, 49, 50, 51]}}, {"pk": 2, "model": "auth.group", "fields": {"name": "Recepcionistas", "permissions": [31, 32, 33]}}, {"pk": 3, "model": "auth.group", "fields": {"name": "Mozos", "permissions": []}}, {"pk": 4, "model": "auth.group", "fields": {"name": "Cocineros", "permissions": []}}, {"pk": 1, "model": "auth.user", "fields": {"username": "brau", "first_name": "", "last_name": "", "is_active": true, "is_superuser": true, "is_staff": true, "last_login": "2013-10-23T14:49:55Z", "groups": [], "user_permissions": [], "password": "pbkdf2_sha256$10000$CRKQfo2HN5q4$QIwvauDpBHX6ULSScBc1eR1oSB3aPTr6K6VfxFVtIes=", "email": "brau@brau.com", "date_joined": "2013-10-01T00:39:56Z"}}, {"pk": 2, "model": "auth.user", "fields": {"username": "admin", "first_name": "", "last_name": "", "is_active": true, "is_superuser": false, "is_staff": true, "last_login": "2013-10-11T03:50:08Z", "groups": [1], "user_permissions": [], "password": "pbkdf2_sha256$10000$IJHJBspnDBER$OjGwcWRxsvJ6xCKxMwwana9fX67qQrWNCCrgpOQ301w=", "email": "", "date_joined": "2013-10-02T16:54:35Z"}}, {"pk": 3, "model": "auth.user", "fields": {"username": "mozo", "first_name": "", "last_name": "", "is_active": true, "is_superuser": false, "is_staff": false, "last_login": "2013-10-07T15:51:10Z", "groups": [3], "user_permissions": [], "password": "pbkdf2_sha256$10000$2C5H4awyJxm4$ZSw/ifYQwma/draF8Jhs7DSDUGHMIWlKuHDFxDAzYwM=", "email": "", "date_joined": "2013-10-02T16:54:53Z"}}, {"pk": 4, "model": "auth.user", "fields": {"username": "cocina", "first_name": "", "last_name": "", "is_active": true, "is_superuser": false, "is_staff": false, "last_login": "2013-10-04T23:57:20Z", "groups": [4], "user_permissions": [], "password": "pbkdf2_sha256$10000$XtEazt2CoRYN$A1kc0oTqs7x7m5Q6EEj9SyMzW5GTrNWJrQp8P67UJoY=", "email": "", "date_joined": "2013-10-02T16:55:30Z"}}, {"pk": 5, "model": "auth.user", "fields": {"username": "recepcion", "first_name": "", "last_name": "", "is_active": true, "is_superuser": false, "is_staff": true, "last_login": "2013-10-02T16:56:52Z", "groups": [2], "user_permissions": [], "password": "pbkdf2_sha256$10000$2b8oRS3niPUR$RTlMoQxUrQagBY54g7nbhyPWDdo/v/poWhVho9HOiwk=", "email": "", "date_joined": "2013-10-02T16:55:46Z"}}, {"pk": 1, "model": "admin.logentry", "fields": {"action_flag": 2, "action_time": "2013-10-11T03:51:07Z", "object_repr": "Administradores", "object_id": "1", "change_message": "Modificado/a permissions.", "user": 1, "content_type": 2}}, {"pk": 2, "model": "admin.logentry", "fields": {"action_flag": 2, "action_time": "2013-10-23T14:50:09Z", "object_repr": "Administradores", "object_id": "1", "change_message": "Modificado/a permissions.", "user": 1, "content_type": 2}}]